recipe_block_id	page_id	page_num	missing_in_canonical
RB-0001	page-0186	186	
RB-0001	page-0187	187	
RB-0002	page-0189	189	
RB-0002	page-0190	190	
RB-0002	page-0191	191	
RB-0003	page-0193	193	
RB-0003	page-0194	194	
RB-0003	page-0195	195	
RB-0003	page-0196	196	
RB-0003	page-0197	197	
RB-0003	page-0198	198	
RB-0003	page-0199	199	
RB-0003	page-0200	200	
RB-0003	page-0201	201	
RB-0003	page-0202	202	
RB-0003	page-0203	203	
RB-0003	page-0204	204	
RB-0003	page-0205	205	
RB-0003	page-0206	206	
RB-0003	page-0207	207	
RB-0003	page-0208	208	
RB-0003	page-0209	209	
RB-0003	page-0210	210	
RB-0003	page-0211	211	
RB-0004	page-0214	214	
RB-0004	page-0215	215	
RB-0004	page-0216	216	
RB-0004	page-0217	217	
RB-0004	page-0218	218	
RB-0004	page-0219	219	
RB-0004	page-0220	220	
RB-0004	page-0221	221	
RB-0004	page-0222	222	
RB-0004	page-0223	223	
RB-0004	page-0224	224	
RB-0004	page-0225	225	
RB-0004	page-0226	226	
RB-0004	page-0227	227	
RB-0004	page-0228	228	
RB-0004	page-0229	229	
RB-0004	page-0230	230	
RB-0004	page-0231	231	
RB-0004	page-0232	232	
RB-0004	page-0233	233	
RB-0004	page-0234	234	
RB-0004	page-0235	235	
RB-0004	page-0236	236	
RB-0004	page-0237	237	
RB-0004	page-0238	238	
RB-0004	page-0239	239	
RB-0004	page-0240	240	
RB-0004	page-0241	241	
RB-0004	page-0242	242	
RB-0004	page-0243	243	
RB-0005	page-0245	245	
RB-0005	page-0246	246	
RB-0005	page-0247	247	
RB-0005	page-0248	248	
RB-0005	page-0249	249	
RB-0005	page-0250	250	
RB-0005	page-0251	251	
RB-0005	page-0252	252	
RB-0005	page-0253	253	
RB-0005	page-0254	254	
RB-0005	page-0255	255	
RB-0005	page-0256	256	
RB-0005	page-0257	257	
RB-0005	page-0258	258	
RB-0005	page-0259	259	
RB-0005	page-0260	260	
RB-0005	page-0261	261	
RB-0005	page-0262	262	
RB-0005	page-0263	263	
RB-0005	page-0264	264	
RB-0005	page-0265	265	
RB-0005	page-0266	266	
RB-0005	page-0267	267	
RB-0005	page-0268	268	
RB-0005	page-0269	269	
RB-0005	page-0270	270	
RB-0005	page-0271	271	
RB-0005	page-0272	272	
RB-0005	page-0273	273	
RB-0005	page-0274	274	
RB-0005	page-0275	275	
RB-0006	page-0277	277	
RB-0006	page-0278	278	
RB-0006	page-0279	279	
RB-0006	page-0280	280	
RB-0006	page-0281	281	
RB-0006	page-0282	282	
RB-0006	page-0283	283	
RB-0006	page-0284	284	
RB-0006	page-0285	285	
RB-0006	page-0286	286	
RB-0006	page-0287	287	
RB-0006	page-0288	288	
RB-0006	page-0289	289	
RB-0006	page-0290	290	
RB-0006	page-0291	291	
RB-0006	page-0292	292	
RB-0006	page-0293	293	
RB-0006	page-0294	294	
RB-0006	page-0295	295	
RB-0006	page-0296	296	
RB-0006	page-0297	297	
RB-0006	page-0298	298	
RB-0006	page-0299	299	
RB-0006	page-0300	300	
RB-0006	page-0301	301	
RB-0006	page-0302	302	
RB-0006	page-0303	303	
RB-0006	page-0304	304	
RB-0006	page-0305	305	
RB-0006	page-0306	306	
RB-0006	page-0307	307	
RB-0006	page-0308	308	
RB-0006	page-0309	309	
RB-0006	page-0310	310	
RB-0006	page-0311	311	
RB-0006	page-0312	312	
RB-0006	page-0313	313	
RB-0006	page-0314	314	
RB-0006	page-0315	315	
RB-0006	page-0316	316	
RB-0006	page-0317	317	
RB-0006	page-0318	318	
RB-0006	page-0319	319	
RB-0006	page-0320	320	
RB-0006	page-0321	321	
RB-0006	page-0322	322	
RB-0006	page-0323	323	
RB-0006	page-0324	324	
RB-0006	page-0325	325	
RB-0006	page-0326	326	
RB-0006	page-0327	327	
RB-0006	page-0328	328	
RB-0006	page-0329	329	
RB-0006	page-0330	330	
RB-0006	page-0331	331	
RB-0006	page-0332	332	
RB-0006	page-0333	333	
RB-0007	page-0335	335	
RB-0007	page-0336	336	
RB-0008	page-0338	338	
RB-0008	page-0339	339	
RB-0008	page-0340	340	
RB-0008	page-0341	341	
RB-0008	page-0342	342	
RB-0008	page-0343	343	
RB-0008	page-0344	344	
RB-0008	page-0345	345	
RB-0008	page-0346	346	
RB-0008	page-0347	347	
RB-0008	page-0348	348	
RB-0008	page-0349	349	
RB-0008	page-0350	350	
RB-0008	page-0351	351	
RB-0008	page-0352	352	
RB-0008	page-0353	353	
RB-0008	page-0354	354	
RB-0008	page-0355	355	
RB-0008	page-0356	356	
RB-0008	page-0357	357	
RB-0008	page-0358	358	
RB-0008	page-0359	359	
RB-0008	page-0360	360	
RB-0008	page-0361	361	
RB-0008	page-0362	362	
RB-0008	page-0363	363	
RB-0008	page-0364	364	
RB-0008	page-0365	365	
RB-0009	page-0369	369	
RB-0009	page-0370	370	
RB-0009	page-0371	371	
RB-0009	page-0372	372	
RB-0009	page-0373	373	
RB-0009	page-0374	374	
RB-0009	page-0375	375	
RB-0009	page-0376	376	
RB-0009	page-0377	377	
RB-0009	page-0378	378	
RB-0009	page-0379	379	
RB-0009	page-0380	380	
RB-0009	page-0381	381	
RB-0009	page-0382	382	
RB-0009	page-0383	383	
RB-0009	page-0384	384	
RB-0009	page-0385	385	
RB-0009	page-0386	386	
RB-0009	page-0387	387	
RB-0009	page-0388	388	
RB-0009	page-0389	389	
RB-0009	page-0390	390	
RB-0009	page-0391	391	
RB-0009	page-0392	392	
RB-0009	page-0393	393	
RB-0009	page-0394	394	
RB-0009	page-0395	395	
RB-0009	page-0396	396	
RB-0009	page-0397	397	
RB-0009	page-0398	398	
RB-0009	page-0399	399	
RB-0009	page-0400	400	
RB-0009	page-0401	401	
RB-0010	page-0403	403	
RB-0010	page-0404	404	
RB-0010	page-0405	405	
RB-0010	page-0406	406	
RB-0010	page-0407	407	
RB-0010	page-0408	408	
RB-0010	page-0409	409	
RB-0010	page-0410	410	
RB-0010	page-0411	411	
RB-0010	page-0412	412	
RB-0010	page-0413	413	
RB-0010	page-0414	414	
RB-0010	page-0415	415	
RB-0010	page-0416	416	
RB-0010	page-0417	417	
RB-0010	page-0418	418	
RB-0010	page-0419	419	
RB-0010	page-0420	420	
RB-0010	page-0421	421	
RB-0010	page-0422	422	
RB-0010	page-0423	423	
RB-0010	page-0424	424	
RB-0010	page-0425	425	
RB-0010	page-0426	426	
RB-0010	page-0427	427	
RB-0010	page-0428	428	
RB-0010	page-0429	429	
RB-0010	page-0430	430	
RB-0010	page-0431	431	
RB-0010	page-0432	432	
RB-0010	page-0433	433	
RB-0010	page-0434	434	
RB-0010	page-0435	435	
RB-0010	page-0436	436	
RB-0010	page-0437	437	
RB-0010	page-0438	438	
RB-0010	page-0439	439	
RB-0010	page-0440	440	
RB-0010	page-0441	441	
RB-0010	page-0442	442	
RB-0010	page-0443	443	
RB-0010	page-0444	444	
RB-0010	page-0445	445	
RB-0010	page-0446	446	
RB-0010	page-0447	447	
RB-0010	page-0448	448	
RB-0010	page-0449	449	
RB-0010	page-0450	450	
RB-0010	page-0451	451	
RB-0010	page-0452	452	
RB-0010	page-0453	453	
RB-0010	page-0454	454	
RB-0010	page-0455	455	
RB-0010	page-0456	456	
RB-0010	page-0457	457	
RB-0010	page-0458	458	
RB-0010	page-0459	459	
RB-0010	page-0460	460	
RB-0010	page-0461	461	
RB-0010	page-0462	462	
RB-0010	page-0463	463	
RB-0010	page-0464	464	
RB-0010	page-0465	465	
RB-0010	page-0466	466	
RB-0010	page-0467	467	
RB-0010	page-0468	468	
RB-0010	page-0469	469	
RB-0010	page-0470	470	
RB-0010	page-0471	471	
RB-0010	page-0472	472	
RB-0010	page-0473	473	
RB-0011	page-0475	475	
RB-0011	page-0476	476	
RB-0011	page-0477	477	
RB-0011	page-0478	478	
RB-0011	page-0479	479	
RB-0011	page-0480	480	
RB-0011	page-0481	481	
RB-0011	page-0482	482	
RB-0011	page-0483	483	
RB-0011	page-0484	484	
RB-0011	page-0485	485	
RB-0011	page-0486	486	
RB-0011	page-0487	487	
RB-0011	page-0488	488	
RB-0011	page-0489	489	
RB-0011	page-0490	490	
RB-0011	page-0491	491	
RB-0011	page-0492	492	
RB-0011	page-0493	493	
RB-0011	page-0494	494	
RB-0011	page-0495	495	
RB-0011	page-0496	496	
RB-0011	page-0497	497	
RB-0011	page-0498	498	
RB-0011	page-0499	499	
RB-0011	page-0500	500	
RB-0011	page-0501	501	
RB-0011	page-0502	502	
RB-0011	page-0503	503	
RB-0011	page-0504	504	
RB-0011	page-0505	505	
RB-0011	page-0506	506	
RB-0011	page-0507	507	
RB-0011	page-0508	508	
RB-0011	page-0509	509	
RB-0011	page-0510	510	
RB-0011	page-0511	511	
RB-0011	page-0512	512	
RB-0011	page-0513	513	
RB-0011	page-0514	514	
RB-0011	page-0515	515	
RB-0011	page-0516	516	
RB-0011	page-0517	517	
RB-0011	page-0518	518	
RB-0011	page-0519	519	
RB-0011	page-0520	520	
RB-0011	page-0521	521	
RB-0011	page-0522	522	
RB-0011	page-0523	523	
RB-0011	page-0524	524	
RB-0011	page-0525	525	
RB-0011	page-0526	526	
RB-0011	page-0527	527	
RB-0011	page-0528	528	
RB-0011	page-0529	529	
RB-0011	page-0530	530	
RB-0011	page-0531	531	
RB-0011	page-0532	532	
RB-0011	page-0533	533	
RB-0011	page-0534	534	
RB-0011	page-0535	535	
RB-0011	page-0536	536	
RB-0011	page-0537	537	
RB-0011	page-0538	538	
RB-0011	page-0539	539	
RB-0011	page-0540	540	
RB-0011	page-0541	541	
RB-0011	page-0542	542	
RB-0011	page-0543	543	
RB-0011	page-0544	544	
RB-0011	page-0545	545	
RB-0011	page-0546	546	
RB-0011	page-0547	547	
RB-0011	page-0548	548	
RB-0011	page-0549	549	
RB-0011	page-0550	550	
RB-0011	page-0551	551	
RB-0011	page-0552	552	
RB-0011	page-0553	553	
RB-0011	page-0554	554	
RB-0011	page-0555	555	
RB-0011	page-0556	556	
RB-0011	page-0557	557	
RB-0011	page-0558	558	
RB-0011	page-0559	559	
RB-0011	page-0560	560	
RB-0011	page-0561	561	
RB-0011	page-0562	562	
RB-0011	page-0563	563	
RB-0011	page-0564	564	
RB-0011	page-0565	565	
RB-0011	page-0566	566	
RB-0011	page-0567	567	
RB-0011	page-0568	568	
RB-0011	page-0569	569	
RB-0011	page-0570	570	
RB-0011	page-0571	571	
RB-0011	page-0572	572	
RB-0011	page-0573	573	
RB-0011	page-0574	574	
RB-0011	page-0575	575	
RB-0011	page-0576	576	
RB-0011	page-0577	577	
RB-0011	page-0578	578	
RB-0011	page-0579	579	
RB-0011	page-0580	580	
RB-0011	page-0581	581	
RB-0011	page-0582	582	
RB-0011	page-0583	583	
RB-0011	page-0584	584	
RB-0011	page-0585	585	
RB-0011	page-0586	586	
RB-0011	page-0587	587	
RB-0011	page-0588	588	
RB-0011	page-0589	589	
RB-0011	page-0590	590	
RB-0011	page-0591	591	
RB-0011	page-0592	592	
RB-0011	page-0593	593	
RB-0011	page-0594	594	
RB-0011	page-0595	595	
RB-0011	page-0596	596	
RB-0011	page-0597	597	
RB-0011	page-0598	598	
RB-0011	page-0599	599	
RB-0011	page-0600	600	
RB-0011	page-0601	601	
RB-0011	page-0602	602	
RB-0011	page-0603	603	
RB-0011	page-0604	604	
RB-0011	page-0605	605	
RB-0011	page-0606	606	
RB-0011	page-0607	607	
RB-0011	page-0608	608	
RB-0011	page-0609	609	
RB-0011	page-0610	610	
RB-0011	page-0611	611	
RB-0011	page-0612	612	
RB-0011	page-0613	613	
RB-0011	page-0614	614	
RB-0012	page-0616	616	
RB-0012	page-0617	617	
RB-0012	page-0618	618	
RB-0012	page-0619	619	
RB-0012	page-0620	620	
RB-0012	page-0621	621	
RB-0012	page-0622	622	
RB-0012	page-0623	623	
RB-0012	page-0624	624	
RB-0012	page-0625	625	
RB-0012	page-0626	626	
RB-0012	page-0627	627	
RB-0012	page-0628	628	
RB-0012	page-0629	629	
RB-0012	page-0630	630	
RB-0012	page-0631	631	
RB-0012	page-0632	632	
RB-0012	page-0633	633	
RB-0012	page-0634	634	
RB-0012	page-0635	635	
RB-0012	page-0636	636	
RB-0012	page-0637	637	
RB-0012	page-0638	638	
RB-0012	page-0639	639	
RB-0012	page-0640	640	
RB-0012	page-0641	641	
RB-0012	page-0642	642	
RB-0013	page-0645	645	
RB-0013	page-0646	646	
RB-0013	page-0647	647	
RB-0013	page-0648	648	
RB-0013	page-0649	649	
RB-0013	page-0650	650	
RB-0013	page-0651	651	
RB-0013	page-0652	652	
RB-0013	page-0653	653	
RB-0013	page-0654	654	
RB-0013	page-0655	655	
RB-0013	page-0656	656	
RB-0013	page-0657	657	
RB-0013	page-0658	658	
RB-0013	page-0659	659	
RB-0013	page-0660	660	
RB-0013	page-0661	661	
RB-0013	page-0662	662	
RB-0013	page-0663	663	
RB-0013	page-0664	664	
RB-0013	page-0665	665	
RB-0013	page-0666	666	
RB-0013	page-0667	667	
RB-0013	page-0668	668	
RB-0013	page-0669	669	
RB-0013	page-0670	670	
RB-0013	page-0671	671	
RB-0013	page-0672	672	
RB-0013	page-0673	673	
RB-0013	page-0674	674	
RB-0013	page-0675	675	
RB-0013	page-0676	676	
RB-0013	page-0677	677	
RB-0013	page-0678	678	
RB-0013	page-0679	679	
RB-0013	page-0680	680	
RB-0013	page-0681	681	
RB-0013	page-0682	682	
RB-0013	page-0683	683	
RB-0013	page-0684	684	
RB-0013	page-0685	685	
RB-0013	page-0686	686	
RB-0013	page-0687	687	
RB-0013	page-0688	688	
RB-0013	page-0689	689	
RB-0013	page-0690	690	
RB-0013	page-0691	691	
RB-0013	page-0692	692	
RB-0013	page-0693	693	
RB-0013	page-0694	694	
RB-0013	page-0695	695	
RB-0013	page-0696	696	
RB-0013	page-0697	697	
RB-0013	page-0698	698	
RB-0014	page-0700	700	
RB-0014	page-0701	701	
RB-0014	page-0702	702	
RB-0014	page-0703	703	
RB-0014	page-0704	704	
RB-0014	page-0705	705	
RB-0014	page-0706	706	
RB-0014	page-0707	707	
RB-0014	page-0708	708	
RB-0014	page-0709	709	
RB-0014	page-0710	710	
RB-0014	page-0711	711	
RB-0014	page-0712	712	
RB-0014	page-0713	713	
RB-0014	page-0714	714	
RB-0014	page-0715	715	
RB-0014	page-0716	716	
RB-0015	page-0721	721	
RB-0015	page-0722	722	
RB-0015	page-0723	723	
RB-0015	page-0724	724	
RB-0015	page-0725	725	
RB-0015	page-0726	726	
RB-0015	page-0727	727	
RB-0015	page-0728	728	
RB-0015	page-0729	729	
RB-0015	page-0730	730	
RB-0015	page-0731	731	
RB-0015	page-0732	732	
RB-0015	page-0733	733	
RB-0015	page-0734	734	
RB-0015	page-0735	735	
RB-0015	page-0736	736	
RB-0015	page-0737	737	
RB-0015	page-0738	738	
RB-0015	page-0739	739	
RB-0015	page-0740	740	
RB-0015	page-0741	741	
RB-0015	page-0742	742	
RB-0015	page-0743	743	
RB-0015	page-0744	744	
RB-0015	page-0745	745	
RB-0015	page-0746	746	
RB-0015	page-0747	747	
RB-0015	page-0748	748	
RB-0016	page-0751	751	
RB-0016	page-0752	752	
RB-0016	page-0753	753	
RB-0016	page-0754	754	
RB-0016	page-0755	755	
RB-0016	page-0756	756	
RB-0016	page-0757	757	
RB-0016	page-0758	758	
RB-0016	page-0759	759	
RB-0016	page-0760	760	
RB-0016	page-0761	761	
RB-0016	page-0762	762	
RB-0016	page-0763	763	
RB-0017	page-0765	765	
RB-0017	page-0766	766	
RB-0017	page-0767	767	
RB-0017	page-0768	768	
RB-0017	page-0769	769	
RB-0017	page-0770	770	
RB-0017	page-0771	771	
RB-0017	page-0772	772	
RB-0017	page-0773	773	
RB-0017	page-0774	774	
RB-0017	page-0775	775	
RB-0017	page-0776	776	
RB-0017	page-0777	777	
RB-0017	page-0778	778	
RB-0017	page-0779	779	
RB-0017	page-0780	780	
RB-0017	page-0781	781	
RB-0017	page-0782	782	
RB-0017	page-0783	783	
RB-0017	page-0784	784	
RB-0017	page-0785	785	
RB-0017	page-0786	786	
RB-0017	page-0787	787	
RB-0017	page-0788	788	
RB-0017	page-0789	789	
RB-0017	page-0790	790	
RB-0017	page-0791	791	
RB-0017	page-0792	792	
RB-0017	page-0793	793	
RB-0017	page-0794	794	
RB-0017	page-0795	795	
RB-0017	page-0796	796	
RB-0017	page-0797	797	
RB-0017	page-0798	798	
RB-0018	page-0801	801	
RB-0018	page-0802	802	
RB-0018	page-0803	803	
RB-0018	page-0804	804	
RB-0018	page-0805	805	
RB-0018	page-0806	806	
RB-0018	page-0807	807	
RB-0018	page-0808	808	
RB-0018	page-0809	809	
RB-0018	page-0810	810	
RB-0018	page-0811	811	
RB-0018	page-0812	812	
RB-0018	page-0813	813	
RB-0018	page-0814	814	
RB-0018	page-0815	815	
RB-0018	page-0816	816	
RB-0018	page-0817	817	
RB-0018	page-0818	818	
RB-0018	page-0819	819	
RB-0018	page-0820	820	
RB-0018	page-0821	821	
RB-0018	page-0822	822	
RB-0018	page-0823	823	
RB-0018	page-0824	824	
RB-0018	page-0825	825	
RB-0018	page-0826	826	
RB-0018	page-0827	827	
RB-0018	page-0828	828	
RB-0018	page-0829	829	
RB-0018	page-0830	830	
RB-0018	page-0831	831	
RB-0018	page-0832	832	
RB-0018	page-0833	833	
RB-0018	page-0834	834	
RB-0018	page-0835	835	
RB-0018	page-0836	836	
RB-0018	page-0837	837	
RB-0018	page-0838	838	
RB-0018	page-0839	839	
RB-0018	page-0840	840	
RB-0018	page-0841	841	
RB-0018	page-0842	842	
RB-0018	page-0843	843	
RB-0018	page-0844	844	
RB-0018	page-0845	845	
RB-0018	page-0846	846	
RB-0018	page-0847	847	
RB-0018	page-0848	848	
RB-0018	page-0849	849	
RB-0018	page-0850	850	
RB-0018	page-0851	851	
RB-0018	page-0852	852	
RB-0018	page-0853	853	
RB-0018	page-0854	854	
RB-0018	page-0855	855	
RB-0018	page-0856	856	
RB-0018	page-0857	857	
RB-0018	page-0858	858	
RB-0018	page-0859	859	
RB-0018	page-0860	860	
RB-0018	page-0861	861	
RB-0018	page-0862	862	
RB-0018	page-0863	863	
RB-0018	page-0864	864	
RB-0018	page-0865	865	
RB-0018	page-0866	866	
RB-0018	page-0867	867	
RB-0018	page-0868	868	
RB-0018	page-0869	869	
RB-0018	page-0870	870	
RB-0018	page-0871	871	
RB-0018	page-0872	872	
RB-0018	page-0873	873	
RB-0018	page-0874	874	
RB-0018	page-0875	875	
RB-0018	page-0876	876	
RB-0018	page-0877	877	
RB-0018	page-0878	878	
RB-0018	page-0879	879	
RB-0018	page-0880	880	
RB-0018	page-0881	881	
RB-0018	page-0882	882	
RB-0018	page-0883	883	
RB-0018	page-0884	884	
RB-0018	page-0885	885	
RB-0018	page-0886	886	
RB-0018	page-0887	887	
RB-0018	page-0888	888	
RB-0018	page-0889	889	
RB-0018	page-0890	890	
RB-0018	page-0891	891	
RB-0018	page-0892	892	
RB-0018	page-0893	893	
RB-0018	page-0894	894	
RB-0018	page-0895	895	
RB-0018	page-0896	896	
RB-0018	page-0897	897	
RB-0018	page-0898	898	
RB-0018	page-0899	899	
RB-0018	page-0900	900	
RB-0019	page-0902	902	
RB-0019	page-0903	903	
RB-0019	page-0904	904	
RB-0019	page-0905	905	
RB-0019	page-0906	906	
RB-0019	page-0907	907	
RB-0019	page-0908	908	
RB-0019	page-0909	909	
RB-0019	page-0910	910	
RB-0019	page-0911	911	
RB-0019	page-0912	912	
RB-0019	page-0913	913	
RB-0019	page-0914	914	
RB-0019	page-0915	915	
RB-0019	page-0916	916	
RB-0019	page-0917	917	
RB-0019	page-0918	918	
RB-0019	page-0919	919	
RB-0020	page-0921	921	
RB-0020	page-0922	922	
RB-0020	page-0923	923	
RB-0020	page-0924	924	
RB-0020	page-0925	925	
RB-0020	page-0926	926	
RB-0021	page-0929	929	
RB-0021	page-0930	930	
RB-0021	page-0931	931	
RB-0021	page-0932	932	
RB-0021	page-0933	933	
RB-0021	page-0934	934	
RB-0021	page-0935	935	
RB-0021	page-0936	936	
RB-0021	page-0937	937	
RB-0021	page-0938	938	
RB-0021	page-0939	939	
RB-0021	page-0940	940	
RB-0021	page-0941	941	
RB-0021	page-0942	942	
RB-0021	page-0943	943	
RB-0021	page-0944	944	
RB-0021	page-0945	945	
RB-0021	page-0946	946	
RB-0021	page-0947	947	
RB-0021	page-0948	948	
RB-0021	page-0949	949	
RB-0021	page-0950	950	
RB-0021	page-0951	951	
RB-0021	page-0952	952	
RB-0021	page-0953	953	
RB-0021	page-0954	954	
RB-0021	page-0955	955	
RB-0021	page-0956	956	
RB-0021	page-0957	957	
RB-0021	page-0958	958	
RB-0021	page-0959	959	
RB-0021	page-0960	960	
RB-0021	page-0961	961	
RB-0021	page-0962	962	
RB-0021	page-0963	963	
RB-0021	page-0964	964	
RB-0021	page-0965	965	
RB-0021	page-0966	966	
RB-0021	page-0967	967	
RB-0021	page-0968	968	
RB-0021	page-0969	969	
RB-0021	page-0970	970	
RB-0021	page-0971	971	
RB-0021	page-0972	972	
RB-0021	page-0973	973	
RB-0021	page-0974	974	
RB-0021	page-0975	975	
RB-0021	page-0976	976	
RB-0021	page-0977	977	
RB-0021	page-0978	978	
RB-0022	page-0980	980	
RB-0023	page-0983	983	
RB-0023	page-0984	984	
RB-0023	page-0985	985	
RB-0023	page-0986	986	
RB-0023	page-0987	987	
RB-0023	page-0988	988	
RB-0023	page-0989	989	
RB-0023	page-0990	990	
RB-0023	page-0991	991	
RB-0023	page-0992	992	
RB-0023	page-0993	993	
RB-0023	page-0994	994	
RB-0023	page-0995	995	
RB-0023	page-0996	996	
RB-0023	page-0997	997	
RB-0023	page-0998	998	
RB-0023	page-0999	999	
RB-0023	page-1000	1000	
RB-0023	page-1001	1001	
RB-0023	page-1002	1002	
RB-0023	page-1003	1003	
RB-0023	page-1004	1004	
RB-0023	page-1005	1005	
RB-0023	page-1006	1006	
RB-0023	page-1007	1007	
RB-0023	page-1008	1008	
RB-0023	page-1009	1009	
RB-0023	page-1010	1010	
RB-0023	page-1011	1011	
RB-0023	page-1012	1012	
RB-0023	page-1013	1013	
RB-0023	page-1014	1014	
RB-0023	page-1015	1015	
RB-0023	page-1016	1016	
RB-0023	page-1017	1017	
RB-0023	page-1018	1018	
RB-0023	page-1019	1019	
RB-0023	page-1020	1020	
RB-0023	page-1021	1021	
RB-0023	page-1022	1022	
RB-0023	page-1023	1023	
RB-0023	page-1024	1024	
RB-0024	page-1028	1028	
RB-0024	page-1029	1029	
RB-0024	page-1030	1030	
RB-0024	page-1031	1031	
RB-0024	page-1032	1032	
RB-0024	page-1033	1033	
RB-0024	page-1034	1034	
RB-0024	page-1035	1035	
RB-0024	page-1036	1036	
RB-0024	page-1037	1037	
RB-0024	page-1038	1038	
RB-0024	page-1039	1039	
RB-0024	page-1040	1040	
RB-0024	page-1041	1041	
RB-0024	page-1042	1042	
RB-0024	page-1043	1043	
RB-0024	page-1044	1044	
RB-0024	page-1045	1045	
RB-0024	page-1046	1046	
RB-0024	page-1047	1047	
RB-0024	page-1048	1048	
RB-0024	page-1049	1049	
RB-0025	page-1051	1051	
RB-0025	page-1052	1052	
RB-0025	page-1053	1053	
RB-0025	page-1054	1054	
RB-0025	page-1055	1055	
RB-0025	page-1056	1056	
RB-0025	page-1057	1057	
RB-0025	page-1058	1058	
RB-0025	page-1059	1059	
RB-0025	page-1060	1060	
RB-0025	page-1061	1061	
RB-0025	page-1062	1062	
RB-0025	page-1063	1063	
RB-0025	page-1064	1064	
RB-0025	page-1065	1065	
RB-0025	page-1066	1066	
RB-0025	page-1067	1067	
RB-0025	page-1068	1068	
RB-0025	page-1069	1069	
RB-0025	page-1070	1070	
RB-0025	page-1071	1071	
RB-0025	page-1072	1072	
RB-0025	page-1073	1073	
RB-0025	page-1074	1074	
RB-0025	page-1075	1075	
RB-0025	page-1076	1076	
RB-0025	page-1077	1077	
RB-0025	page-1078	1078	
RB-0025	page-1079	1079	
RB-0025	page-1080	1080	
RB-0025	page-1081	1081	
RB-0025	page-1082	1082	
RB-0025	page-1083	1083	
RB-0025	page-1084	1084	
RB-0025	page-1085	1085	
RB-0025	page-1086	1086	
RB-0026	page-1089	1089	
RB-0026	page-1090	1090	
RB-0026	page-1091	1091	
RB-0026	page-1092	1092	
RB-0026	page-1093	1093	
RB-0026	page-1094	1094	
RB-0026	page-1095	1095	
RB-0026	page-1096	1096	
RB-0026	page-1097	1097	
RB-0026	page-1098	1098	
RB-0026	page-1099	1099	
RB-0026	page-1100	1100	
RB-0026	page-1101	1101	
RB-0026	page-1102	1102	
RB-0026	page-1103	1103	
RB-0027	page-1105	1105	
RB-0027	page-1106	1106	
RB-0027	page-1107	1107	
RB-0027	page-1108	1108	
RB-0027	page-1109	1109	
RB-0027	page-1110	1110	
RB-0027	page-1111	1111	
RB-0027	page-1112	1112	
RB-0027	page-1113	1113	
RB-0027	page-1114	1114	
RB-0027	page-1115	1115	
RB-0027	page-1116	1116	
RB-0027	page-1117	1117	
RB-0027	page-1118	1118	
RB-0027	page-1119	1119	
RB-0027	page-1120	1120	
RB-0027	page-1121	1121	
RB-0027	page-1122	1122	
RB-0027	page-1123	1123	
RB-0027	page-1124	1124	
RB-0027	page-1125	1125	
RB-0027	page-1126	1126	
RB-0027	page-1127	1127	
RB-0027	page-1128	1128	
RB-0027	page-1129	1129	
RB-0027	page-1130	1130	
RB-0027	page-1131	1131	
RB-0027	page-1132	1132	
RB-0027	page-1133	1133	
RB-0027	page-1134	1134	
RB-0027	page-1135	1135	
RB-0027	page-1136	1136	
RB-0027	page-1137	1137	
RB-0027	page-1138	1138	
RB-0027	page-1139	1139	
RB-0027	page-1140	1140	
RB-0027	page-1141	1141	
RB-0027	page-1142	1142	
RB-0027	page-1143	1143	
RB-0027	page-1144	1144	
RB-0028	page-1150	1150	
RB-0028	page-1151	1151	
RB-0028	page-1152	1152	
RB-0028	page-1153	1153	
RB-0028	page-1154	1154	
RB-0028	page-1155	1155	
RB-0028	page-1156	1156	
RB-0028	page-1157	1157	
RB-0028	page-1158	1158	
RB-0028	page-1159	1159	
RB-0028	page-1160	1160	
RB-0028	page-1161	1161	
RB-0028	page-1162	1162	
